{
	"1": {
		"id": 1,
		"first_name": "Daphene",
		"last_name": "Martineau",
		"date": "3/3/2018",
		"title": "Ante Ipsum Primis In Faucibus Orci Luctus Et Ultrices Posuere Cubilia Curae",
		"content": "Cum sociis natoque penatibus et magnis dis parturient montes, nascetur ridiculus mus. Vivamus vestibulum sagittis sapien. Cum sociis natoque penatibus et magnis dis parturient montes, nascetur ridiculus mus.\n\nEtiam vel augue. Vestibulum rutrum rutrum neque. Aenean auctor gravida sem."
	},
	"2": {
		"id": 2,
		"first_name": "Emmett",
		"last_name": "Chanter",
		"date": "4/4/2017",
		"title": "Rhoncus Sed Vestibulum Sit Amet Cursus Id Turpis Integer Aliquet Massa Id",
		"content": "Duis bibendum, felis sed interdum venenatis, turpis enim blandit mi, in porttitor pede justo eu massa. Donec dapibus. Duis at velit eu est congue elementum.\n\nIn hac habitasse platea dictumst. Morbi vestibulum, velit id pretium iaculis, diam erat fermentum justo, nec condimentum neque sapien placerat ante. Nulla justo."
	},
	"3": {
		"id": 3,
		"first_name": "Seana",
		"last_name": "Deam",
		"date": "7/30/2016",
		"title": "Morbi Vestibulum Velit Id Pretium Iaculis Diam Erat Fermentum Justo Nec Condimentum",
		"content": "Proin interdum mauris non ligula pellentesque ultrices. Phasellus id sapien in sapien iaculis congue. Vivamus metus arcu, adipiscing molestie, hendrerit at, vulputate vitae, nisl.\n\nAenean lectus. Pellentesque eget nunc. Donec quis orci eget orci vehicula condimentum.\n\nCurabitur in libero ut massa volutpat convallis. Morbi odio odio, elementum eu, interdum eu, tincidunt in, leo. Maecenas pulvinar lobortis est."
	},
	"4": {
		"id": 4,
		"first_name": "Martie",
		"last_name": "Bannon",
		"date": "11/22/2017",
		"title": "Nullam Porttitor Lacus At Turpis Donec Posuere",
		"content": "Maecenas leo odio, condimentum id, luctus nec, molestie sed, justo. Pellentesque viverra pede ac diam. Cras pellentesque volutpat dui."
	},
	"5": {
		"id": 5,
		"first_name": "Silva",
		"last_name": "Ledster",
		"date": "1/24/2017",
		"title": "Nulla Justo Aliquam Quis Turpis",
		"content": "Proin leo odio, porttitor id, consequat in, consequat ut, nulla. Sed accumsan felis. Ut at dolor quis odio consequat varius."
	},
	"6": {
		"id": 6,
		"first_name": "Ichabod",
		"last_name": "Ascraft",
		"date": "7/17/2016",
		"title": "Platea Dictumst Maecenas Ut Massa Quis Augue",
		"content": "Sed sagittis. Nam congue, risus semper porta volutpat, quam pede lobortis ligula, sit amet eleifend pede libero quis orci. Nullam molestie nibh in lectus.\n\nPellentesque at nulla. Suspendisse potenti. Cras in purus eu magna vulputate luctus."
	},
	"7": {
		"id": 7,
		"first_name": "Adrea",
		"last_name": "Dogg",
		"date": "4/28/2018",
		"title": "Proin Eu Mi Nulla Ac Enim In Tempor Turpis Nec",
		"content": "In quis justo. Maecenas rhoncus aliquam lacus. Morbi quis tortor id nulla ultrices aliquet.\n\nMaecenas leo odio, condimentum id, luctus nec, molestie sed, justo. Pellentesque viverra pede ac diam. Cras pellentesque volutpat dui."
	},
	"8": {
		"id": 8,
		"first_name": "Jeri",
		"last_name": "Brixey",
		"date": "2/24/2017",
		"title": "Erat Quisque Erat Eros Viverra Eget",
		"content": "Quisque porta volutpat erat. Quisque erat eros, viverra eget, congue eget, semper rutrum, nulla. Nunc purus.\n\nPhasellus in felis. Donec semper sapien a libero. Nam dui."
	},
	"9": {
		"id": 9,
		"first_name": "Weber",
		"last_name": "Cattanach",
		"date": "1/29/2017",
		"title": "Nisi Eu Orci Mauris Lacinia Sapien Quis Libero Nullam Sit",
		"content": "Integer ac leo. Pellentesque ultrices mattis odio. Donec vitae nisi."
	},
	"10": {
		"id": 10,
		"first_name": "Antonina",
		"last_name": "Swatland",
		"date": "4/9/2017",
		"title": "Odio Curabitur Convallis Duis Consequat Dui",
		"content": "Morbi non lectus. Aliquam sit amet diam in magna bibendum imperdiet. Nullam orci pede, venenatis non, sodales sed, tincidunt eu, felis.\n\nFusce posuere felis sed lacus. Morbi sem mauris, laoreet ut, rhoncus aliquet, pulvinar sed, nisl. Nunc rhoncus dui vel sem."
	},
	"11": {
		"id": 11,
		"first_name": "Danya",
		"last_name": "Ottley",
		"date": "10/16/2017",
		"title": "Lacinia Eget Tincidunt Eget Tempus Vel Pede Morbi",
		"content": "Duis aliquam convallis nunc. Proin at turpis a pede posuere nonummy. Integer non velit.\n\nDonec diam neque, vestibulum eget, vulputate ut, ultrices vel, augue. Vestibulum ante ipsum primis in faucibus orci luctus et ultrices posuere cubilia Curae; Donec pharetra, magna vestibulum aliquet ultrices, erat tortor sollicitudin mi, sit amet lobortis sapien sapien non mi. Integer ac neque."
	},
	"12": {
		"id": 12,
		"first_name": "Perl",
		"last_name": "Kench",
		"date": "4/18/2018",
		"title": "Eget Rutrum At Lorem Integer Tincidunt Ante Vel Ipsum Praesent",
		"content": "In quis justo. Maecenas rhoncus aliquam lacus. Morbi quis tortor id nulla ultrices aliquet."
	},
	"13": {
		"id": 13,
		"first_name": "Husein",
		"last_name": "Eicheler",
		"date": "7/14/2017",
		"title": "Elit Ac Nulla Sed Vel Enim",
		"content": "Morbi non lectus. Aliquam sit amet diam in magna bibendum imperdiet. Nullam orci pede, venenatis non, sodales sed, tincidunt eu, felis."
	},
	"14": {
		"id": 14,
		"first_name": "Mignonne",
		"last_name": "Crady",
		"date": "10/31/2016",
		"title": "Ac Nibh Fusce Lacus Purus Aliquet At Feugiat",
		"content": "Morbi porttitor lorem id ligula. Suspendisse ornare consequat lectus. In est risus, auctor sed, tristique in, tempus sit amet, sem.\n\nFusce consequat. Nulla nisl. Nunc nisl.\n\nDuis bibendum, felis sed interdum venenatis, turpis enim blandit mi, in porttitor pede justo eu massa. Donec dapibus. Duis at velit eu est congue elementum."
	},
	"15": {
		"id": 15,
		"first_name": "Dex",
		"last_name": "Mettricke",
		"date": "11/26/2016",
		"title": "Aliquam Erat Volutpat In Congue Etiam Justo Etiam Pretium Iaculis Justo In",
		"content": "Proin eu mi. Nulla ac enim. In tempor, turpis nec euismod scelerisque, quam turpis adipiscing lorem, vitae mattis nibh ligula nec sem.\n\nDuis aliquam convallis nunc. Proin at turpis a pede posuere nonummy. Integer non velit."
	},
	"16": {
		"id": 16,
		"first_name": "Roddie",
		"last_name": "Mollene",
		"date": "6/23/2016",
		"title": "Auctor Gravida Sem Praesent Id Massa Id Nisl Venenatis Lacinia Aenean Sit",
		"content": "In sagittis dui vel nisl. Duis ac nibh. Fusce lacus purus, aliquet at, feugiat non, pretium quis, lectus."
	},
	"17": {
		"id": 17,
		"first_name": "Creigh",
		"last_name": "Bransden",
		"date": "8/24/2016",
		"title": "Curae Donec Pharetra Magna Vestibulum Aliquet Ultrices Erat Tortor Sollicitudin Mi Sit",
		"content": "Duis bibendum, felis sed interdum venenatis, turpis enim blandit mi, in porttitor pede justo eu massa. Donec dapibus. Duis at velit eu est congue elementum."
	},
	"18": {
		"id": 18,
		"first_name": "Rustin",
		"last_name": "Hesse",
		"date": "1/31/2018",
		"title": "Integer Tincidunt Ante Vel Ipsum Praesent Blandit",
		"content": "Aenean fermentum. Donec ut mauris eget massa tempor convallis. Nulla neque libero, convallis eget, eleifend luctus, ultricies eu, nibh.\n\nQuisque id justo sit amet sapien dignissim vestibulum. Vestibulum ante ipsum primis in faucibus orci luctus et ultrices posuere cubilia Curae; Nulla dapibus dolor vel est. Donec odio justo, sollicitudin ut, suscipit a, feugiat et, eros."
	},
	"19": {
		"id": 19,
		"first_name": "Margalit",
		"last_name": "Petow",
		"date": "4/8/2018",
		"title": "Mi Integer Ac Neque Duis Bibendum Morbi",
		"content": "Vestibulum quam sapien, varius ut, blandit non, interdum in, ante. Vestibulum ante ipsum primis in faucibus orci luctus et ultrices posuere cubilia Curae; Duis faucibus accumsan odio. Curabitur convallis."
	},
	"20": {
		"id": 20,
		"first_name": "Tonye",
		"last_name": "Krink",
		"date": "5/1/2018",
		"title": "Potenti In Eleifend Quam A Odio In Hac Habitasse Platea Dictumst Maecenas",
		"content": "Vestibulum quam sapien, varius ut, blandit non, interdum in, ante. Vestibulum ante ipsum primis in faucibus orci luctus et ultrices posuere cubilia Curae; Duis faucibus accumsan odio. Curabitur convallis.\n\nDuis consequat dui nec nisi volutpat eleifend. Donec ut dolor. Morbi vel lectus in quam fringilla rhoncus."
	},
	"21": {
		"id": 21,
		"first_name": "Dorotea",
		"last_name": "Huertas",
		"date": "5/22/2017",
		"title": "Turpis Eget Elit Sodales Scelerisque Mauris Sit Amet Eros",
		"content": "Suspendisse potenti. In eleifend quam a odio. In hac habitasse platea dictumst.\n\nMaecenas ut massa quis augue luctus tincidunt. Nulla mollis molestie lorem. Quisque ut erat."
	},
	"22": {
		"id": 22,
		"first_name": "Leena",
		"last_name": "Alleyne",
		"date": "12/7/2016",
		"title": "Est Quam Pharetra Magna Ac Consequat Metus Sapien Ut Nunc Vestibulum Ante",
		"content": "Proin eu mi. Nulla ac enim. In tempor, turpis nec euismod scelerisque, quam turpis adipiscing lorem, vitae mattis nibh ligula nec sem.\n\nDuis aliquam convallis nunc. Proin at turpis a pede posuere nonummy. Integer non velit."
	},
	"23": {
		"id": 23,
		"first_name": "Berti",
		"last_name": "Algy",
		"date": "5/13/2018",
		"title": "Ac Leo Pellentesque Ultrices Mattis Odio Donec Vitae Nisi",
		"content": "Fusce posuere felis sed lacus. Morbi sem mauris, laoreet ut, rhoncus aliquet, pulvinar sed, nisl. Nunc rhoncus dui vel sem."
	},
	"24": {
		"id": 24,
		"first_name": "Brinna",
		"last_name": "Fearon",
		"date": "5/9/2018",
		"title": "Morbi Odio Odio Elementum Eu Interdum",
		"content": "Aenean fermentum. Donec ut mauris eget massa tempor convallis. Nulla neque libero, convallis eget, eleifend luctus, ultricies eu, nibh."
	},
	"25": {
		"id": 25,
		"first_name": "Lelia",
		"last_name": "Goodlett",
		"date": "10/26/2017",
		"title": "Sed Accumsan Felis Ut At Dolor Quis Odio Consequat Varius Integer Ac",
		"content": "Nulla ut erat id mauris vulputate elementum. Nullam varius. Nulla facilisi."
	},
	"26": {
		"id": 26,
		"first_name": "Tremayne",
		"last_name": "Hurrell",
		"date": "1/24/2017",
		"title": "Praesent Lectus Vestibulum Quam Sapien Varius Ut Blandit Non Interdum In",
		"content": "Cras mi pede, malesuada in, imperdiet et, commodo vulputate, justo. In blandit ultrices enim. Lorem ipsum dolor sit amet, consectetuer adipiscing elit.\n\nProin interdum mauris non ligula pellentesque ultrices. Phasellus id sapien in sapien iaculis congue. Vivamus metus arcu, adipiscing molestie, hendrerit at, vulputate vitae, nisl."
	},
	"27": {
		"id": 27,
		"first_name": "Mateo",
		"last_name": "Dearnaly",
		"date": "1/8/2018",
		"title": "Ut Nunc Vestibulum Ante Ipsum Primis In",
		"content": "Morbi porttitor lorem id ligula. Suspendisse ornare consequat lectus. In est risus, auctor sed, tristique in, tempus sit amet, sem.\n\nFusce consequat. Nulla nisl. Nunc nisl.\n\nDuis bibendum, felis sed interdum venenatis, turpis enim blandit mi, in porttitor pede justo eu massa. Donec dapibus. Duis at velit eu est congue elementum."
	},
	"28": {
		"id": 28,
		"first_name": "Cordie",
		"last_name": "Bogey",
		"date": "2/10/2017",
		"title": "Sit Amet Lobortis Sapien Sapien Non Mi Integer Ac Neque Duis Bibendum",
		"content": "Cum sociis natoque penatibus et magnis dis parturient montes, nascetur ridiculus mus. Vivamus vestibulum sagittis sapien. Cum sociis natoque penatibus et magnis dis parturient montes, nascetur ridiculus mus."
	},
	"29": {
		"id": 29,
		"first_name": "Erin",
		"last_name": "Chiese",
		"date": "11/14/2017",
		"title": "Lacus At Velit Vivamus Vel Nulla Eget",
		"content": "Aenean lectus. Pellentesque eget nunc. Donec quis orci eget orci vehicula condimentum.\n\nCurabitur in libero ut massa volutpat convallis. Morbi odio odio, elementum eu, interdum eu, tincidunt in, leo. Maecenas pulvinar lobortis est.\n\nPhasellus sit amet erat. Nulla tempus. Vivamus in felis eu sapien cursus vestibulum."
	},
	"30": {
		"id": 30,
		"first_name": "Annelise",
		"last_name": "Smeeth",
		"date": "3/16/2018",
		"title": "Sit Amet Lobortis Sapien Sapien Non Mi",
		"content": "Suspendisse potenti. In eleifend quam a odio. In hac habitasse platea dictumst.\n\nMaecenas ut massa quis augue luctus tincidunt. Nulla mollis molestie lorem. Quisque ut erat.\n\nCurabitur gravida nisi at nibh. In hac habitasse platea dictumst. Aliquam augue quam, sollicitudin vitae, consectetuer eget, rutrum at, lorem."
	},
	"31": {
		"id": 31,
		"first_name": "Matthieu",
		"last_name": "Gunny",
		"date": "11/13/2016",
		"title": "Dapibus Duis At Velit Eu Est Congue Elementum In",
		"content": "Maecenas tristique, est et tempus semper, est quam pharetra magna, ac consequat metus sapien ut nunc. Vestibulum ante ipsum primis in faucibus orci luctus et ultrices posuere cubilia Curae; Mauris viverra diam vitae quam. Suspendisse potenti.\n\nNullam porttitor lacus at turpis. Donec posuere metus vitae ipsum. Aliquam non mauris.\n\nMorbi non lectus. Aliquam sit amet diam in magna bibendum imperdiet. Nullam orci pede, venenatis non, sodales sed, tincidunt eu, felis."
	},
	"32": {
		"id": 32,
		"first_name": "Dodie",
		"last_name": "Gaunson",
		"date": "9/8/2017",
		"title": "Orci Nullam Molestie Nibh In Lectus",
		"content": "In congue. Etiam justo. Etiam pretium iaculis justo."
	},
	"33": {
		"id": 33,
		"first_name": "Reidar",
		"last_name": "Lunny",
		"date": "6/7/2017",
		"title": "Luctus Ultricies Eu Nibh Quisque Id Justo",
		"content": "Phasellus sit amet erat. Nulla tempus. Vivamus in felis eu sapien cursus vestibulum.\n\nProin eu mi. Nulla ac enim. In tempor, turpis nec euismod scelerisque, quam turpis adipiscing lorem, vitae mattis nibh ligula nec sem.\n\nDuis aliquam convallis nunc. Proin at turpis a pede posuere nonummy. Integer non velit."
	},
	"34": {
		"id": 34,
		"first_name": "Warner",
		"last_name": "Matveyev",
		"date": "4/24/2017",
		"title": "Duis Faucibus Accumsan Odio Curabitur Convallis Duis",
		"content": "In sagittis dui vel nisl. Duis ac nibh. Fusce lacus purus, aliquet at, feugiat non, pretium quis, lectus.\n\nSuspendisse potenti. In eleifend quam a odio. In hac habitasse platea dictumst.\n\nMaecenas ut massa quis augue luctus tincidunt. Nulla mollis molestie lorem. Quisque ut erat."
	},
	"35": {
		"id": 35,
		"first_name": "Blondy",
		"last_name": "Godsell",
		"date": "2/25/2017",
		"title": "Lorem Vitae Mattis Nibh Ligula Nec Sem Duis",
		"content": "Vestibulum quam sapien, varius ut, blandit non, interdum in, ante. Vestibulum ante ipsum primis in faucibus orci luctus et ultrices posuere cubilia Curae; Duis faucibus accumsan odio. Curabitur convallis."
	},
	"36": {
		"id": 36,
		"first_name": "Roderigo",
		"last_name": "Dohms",
		"date": "6/21/2017",
		"title": "In Faucibus Orci Luctus Et Ultrices Posuere",
		"content": "Etiam vel augue. Vestibulum rutrum rutrum neque. Aenean auctor gravida sem.\n\nPraesent id massa id nisl venenatis lacinia. Aenean sit amet justo. Morbi ut odio."
	},
	"37": {
		"id": 37,
		"first_name": "Leone",
		"last_name": "Kesteven",
		"date": "1/21/2018",
		"title": "Pellentesque Quisque Porta Volutpat Erat",
		"content": "Proin interdum mauris non ligula pellentesque ultrices. Phasellus id sapien in sapien iaculis congue. Vivamus metus arcu, adipiscing molestie, hendrerit at, vulputate vitae, nisl.\n\nAenean lectus. Pellentesque eget nunc. Donec quis orci eget orci vehicula condimentum."
	},
	"38": {
		"id": 38,
		"first_name": "Sanford",
		"last_name": "Nortunen",
		"date": "7/20/2016",
		"title": "In Lacus Curabitur At Ipsum Ac Tellus Semper Interdum Mauris Ullamcorper",
		"content": "Quisque id justo sit amet sapien dignissim vestibulum. Vestibulum ante ipsum primis in faucibus orci luctus et ultrices posuere cubilia Curae; Nulla dapibus dolor vel est. Donec odio justo, sollicitudin ut, suscipit a, feugiat et, eros.\n\nVestibulum ac est lacinia nisi venenatis tristique. Fusce congue, diam id ornare imperdiet, sapien urna pretium nisl, ut volutpat sapien arcu sed augue. Aliquam erat volutpat.\n\nIn congue. Etiam justo. Etiam pretium iaculis justo."
	},
	"39": {
		"id": 39,
		"first_name": "Rik",
		"last_name": "Edlin",
		"date": "11/21/2016",
		"title": "Mi Integer Ac Neque Duis",
		"content": "Quisque id justo sit amet sapien dignissim vestibulum. Vestibulum ante ipsum primis in faucibus orci luctus et ultrices posuere cubilia Curae; Nulla dapibus dolor vel est. Donec odio justo, sollicitudin ut, suscipit a, feugiat et, eros."
	},
	"40": {
		"id": 40,
		"first_name": "Benji",
		"last_name": "Foux",
		"date": "8/21/2017",
		"title": "Ac Tellus Semper Interdum Mauris Ullamcorper Purus Sit Amet",
		"content": "Curabitur gravida nisi at nibh. In hac habitasse platea dictumst. Aliquam augue quam, sollicitudin vitae, consectetuer eget, rutrum at, lorem.\n\nInteger tincidunt ante vel ipsum. Praesent blandit lacinia erat. Vestibulum sed magna at nunc commodo placerat.\n\nPraesent blandit. Nam nulla. Integer pede justo, lacinia eget, tincidunt eget, tempus vel, pede."
	},
	"41": {
		"id": 41,
		"first_name": "Test",
		"last_name": "Name",
		"title": "Some Amazing Post",
		"content": "Content Goes Here"
	},
	"42": {
		"id": 42
	},
	"43": {
		"id": 43
	},
	"44": {
		"id": 44
	},
	"45": {
		"id": 45
	},
	"46": {
		"id": 46,
		"first_name": "Test",
		"last_name": "Name",
		"title": "Test Title",
		"content": "Content Content Content Content Content Content Content Content Content Content Content Content Content Content Content Content Content Content Content Content Content Content Content Content Content Content Content Content Content Content Content Content Content Content Content Content Content Content Content Content Content Content Content Content Content Content Content Content Content Content Content Content Content Content Content Content Content Content Content Content "
	},
	"47": {
		"id": 47,
		"first_name": "Test",
		"last_name": "Name",
		"title": "Test Title",
		"content": "Content Content Content Content Content Content Content Content Content Content Content Content Content Content Content Content Content Content Content Content Content Content Content Content Content Content Content Content Content Content Content Content Content Content Content Content Content Content Content Content Content Content Content Content Content Content Content Content Content Content Content Content Content Content Content Content Content Content Content Content "
	},
	"48": {
		"id": 48,
		"date": "4/4/118",
		"first_name": "Test",
		"last_name": "Name",
		"title": "Test Title",
		"content": "Content Content Content Content Content Content Content Content Content Content Content Content Content Content Content Content Content Content Content Content Content Content Content Content Content Content Content Content Content Content Content Content Content Content Content Content Content Content Content Content Content Content Content Content Content Content Content Content Content Content Content Content Content Content Content Content Content Content Content Content "
	},
	"49": {
		"id": 49,
		"date": "5/5/118",
		"first_name": "Test",
		"last_name": "Name",
		"title": "Test Title",
		"content": "Content Content Content Content Content Content Content Content Content Content Content Content Content Content Content Content Content Content Content Content Content Content Content Content Content Content Content Content Content Content Content Content Content Content Content Content Content Content Content Content Content Content Content Content Content Content Content Content Content Content Content Content Content Content Content Content Content Content Content Content "
	},
	"50": {
		"id": 50,
		"date": "5/5/118",
		"first_name": "Test",
		"last_name": "Name",
		"title": "Test Title",
		"content": "Content Content Content Content Content Content Content Content Content Content Content Content Content Content Content Content Content Content Content Content Content Content Content Content Content Content Content Content Content Content Content Content Content Content Content Content Content Content Content Content Content Content Content Content Content Content Content Content Content Content Content Content Content Content Content Content Content Content Content Content "
	},
	"51": {
		"id": 51,
		"date": "5/5/2018",
		"first_name": "Test",
		"last_name": "Name",
		"title": "Test Title",
		"content": "Content Content Content Content Content Content Content Content Content Content Content Content Content Content Content Content Content Content Content Content Content Content Content Content Content Content Content Content Content Content Content Content Content Content Content Content Content Content Content Content Content Content Content Content Content Content Content Content Content Content Content Content Content Content Content Content Content Content Content Content "
	},
	"52": {
		"id": 52,
		"date": "5/5/2018",
		"first_name": "Test",
		"last_name": "Name",
		"title": "Test Title",
		"content": "Content Content Content Content Content Content Content Content Content Content Content Content Content Content Content Content Content Content Content Content Content Content Content Content Content Content Content Content Content Content Content Content Content Content Content Content Content Content Content Content Content Content Content Content Content Content Content Content Content Content Content Content Content Content Content Content Content Content Content Content "
	}
}